old_names,correct_names,correct_ratio,correct_ratio1
Uchcha Vighalay Jamhor Purwi Bhag.,Uchcha Vighalay Jamhor Purwi Bhag,100,100
Uchcha Vighalay Jamhor Purwi Madhya Bhag,Uchcha Vighalay Jamhor Purwi Madhya Bhag,100,100
Uchcha Vighalay Jamhor Pashchimi Madhya Bhag,Uchcha Vighalay Jamhor Pashchimi Madhya Bhag,100,100
Uchcha Vighalay Jamhor Pashchimi Madhya Bhag,Uchcha Vighalay Jamhor Pashchimi Madhya Bhag,100,100
Madhya Vighalay Jamhor Purwi Bhag,Madhya Vighalay Jamhor Purwi Bhag,100,100
MADHYA VIDHAYAL jamhor MADHYA BHAG,Uchcha Vighalay Jamhor Purwi Madhya Bhag,80,80
Madhya Vighalay Jamhor Pashchimi Bhag,Madhya Vighalay Jamhor Pashchimi Bhag,100,100
Prathamik Vighalay Jokahari,Prathamik Vighalay Jokahari,100,100
Prathamik Vidyalay Raja Bigaha,Prathamik Vidyalay Ajab Bigaha,97,97
UTKRAMIT MADHYA VIDYALAY MOR DIHRI (PURVI BHAG,Utkramit Madhya Vidyalay Beli,91,91
UTKRAMIT MADHYA VIDHYALAY mor dihriPASHCHIMI BHAG,Utkramit Madhya Vidyalay Ora Pashchimi Bhag,87,87
Samudayik Bhawan Padrawan,Samudayik Bhavan Padarava,88,88
Utkramit Madhya Vidyalay Devariya,Utkramit Madhya Vidyalay Tetariya,94,94
Utkramit Madhya Vidyalay Chitragopi,Utkramit Madhya Vidyalay Beli,91,91
Samudayik Bhavan Patanava,Samudayik Bhavan Patanava,100,100
Prathamik Vidyalay Devahara,Prathamik Vidyalay Devahara,100,100
Prathmik Vidyalay Jagadishapur,Prathamik Vidyalay Jagadishapur,98,98
Urdu Madhya Vidyalay Bharathauli PURVI BHAG,Urdu Madhya Vidyalay Bharathauli,100,100
URDU MADHYA VIDHYALAY bharthauli PASHCHIMI BHAG,Madhya Vidyalay Badava Pashchimi Bhag,81,81
Utkramit madhya Vidyalay Susanar,Utkramit Madhya Vidyalay Susanar,100,100
Utkramit Madhya Vidyalay Khairabinda,Utkramit Madhya Vidyalay Khairabinda,100,100
Utkramit Madhya Vidyalay Saheya,Utkramit Madhya Vidyalay Saheya,100,100
Madhya Vidyalay Manjurahi,Madhya Vidyalay Manjurahi,100,100
Madhya Vidyalay Babhanadi,Madhya Vidyalay Babhanadi,100,100
Prathamik Vidyalay Rayapura,Prathamik Vidyalay Rayapura,100,100
Utkramit Madhya Vidyalay Bharathauli,Utkramit Madhya Vidyalay Bharathauli,100,100
"Urdu Makhatab Kosadihara ,Purwi Bhag","Urdu Makhatab Kosadihara ,Purwi Bhag",100,100
"Urdu Makhatab Kosadihara, Pashchimi Bhag","Urdu Makhatab Kosadihara, Pashchimi Bhag",100,100
Utkramit Madya Vidyalay Batava,Utkramit Madhya Vidyalay Bharavar,92,92
Utkramit Madhya vidyalay Rampur PURVI BHAG,Utkramit Madhya Vidyalay Beli,91,91
Utkramit Madhya Vidyalay Rampur Pashchimi Bhag,Utkramit Madhya Vidyalay Ora Pashchimi Bhag,95,95
"Utkramit Madhya Vidyalay,Simariya",Utkramit Madhya Vidyalay Simariya,100,100
Utkramit Madhya Vidyalay Kathautirya,Utkramit Madhya Vidyalay Beli,91,91
Madhy vidyalay karma bhagawan Bayan Bhag,Madhya Vidyalay Karma Bhagavan Bayan Bhag,96,96
Madhya Vidyalay Karma Bhagwan Daya Bhag,Madhya Vidyalay Karma Bhagwan Dayan Bhag,99,99
Madhya Vidyalay Karma Bhagwan Pashchim Bhag,Madhya Vidyalay Karma Bhagavan Pashchimi Bhag,95,95
Utkramit Madhya Vidyalay Kuramha Purwi Bhag,Utkramit Madhya Vidyalay Ora Purwi Bhag,95,95
"Utkramit Madhya Vidyalay, Kuramha Pashchimi Bhag",Utkramit Madhya Vidyalay Kuramha Pashchimi Bhag,100,100
Madhya Vidyalay Badava Purwi Bhag,Madhya Vidyalay Badava Purwi Bhag,100,100
Madhya Vidyalay Badwa Paschimi Bhag,Madhya Vidyalay Badava Pashchimi Bhag,94,94
Prathmik Vidyalay Devariya,Prathamik Vidyalay Devariya,98,98
Prathamik Vidyalay Khairi,Prathamik Vidyalay Khairi,100,100
Utkramit Madhya Vidyalay Pirauta,Utkramit Madhya Vidyalay Pirauta,100,100
Samudayik Bhavan Banahi,Samudayik Bhavan Banahi,100,100
Utkramit Madhya Vidyalay Tendua,Utkramit Madhya Vidyalay Tendua,100,100
Utkramit Madhya Vidyalay Haranahi,Utkramit Madhya Vidyalay Haranahi,100,100
Samudayik Bhavan Parasi,Samudayik Bhavan Parasi,100,100
Utkramit Madhya Vidyalay Unthu,Utkramit Madhya Vidyalay Unthu,100,100
Utkramit Madhya Vidyalay Maulanagar,Utkramit Madhya Vidyalay Maulanagar,100,100
Utkramit Madhya Vidyalay Chauriya,Utkramit Madhya Vidyalay Chiriya,95,95
Utkramit Madhya Vidyalay Radhauliya Purvi Bhag,Utkramit Madhya Vidyalay Radhauliya,100,100
UTKRAMIT MADHYA VIDHYALAY Radhauliya PASHCHIMI BHAG,Utkramit Madhya Vidyalay Kuramha Pashchimi Bhag,90,90
Utkramit Madhya Vidyalay Ibrahimapur,Utkramit Madhya Vidyalay Ibrahimapur,100,100
Utkramit Madhya Vidyalay Chatara,Utkramit Madhya Vidyalay Chatara,100,100
Utkramit Madhya Vidyalay Sohrareya,Utkramit Madhya Vidyalay Sohrareya,100,100
Utkramit Madhya Vidyalay Gamhari,Utkramit Madhya Vidyalay Dumari,92,92
"Utkramit Madhya Vidyalay, Alampur",Utkramit Madhya Vidyalay Alamapur,98,98
Prathamik Vidyalay Fesar Pashchimi Bhag,Prathamik Vidyalay Fesar Pashchimi Bhag,100,100
Prathmik Vidyalay Fesar Purvi Bhag,Prathamik Vidyalay Fesar Purwi Bhag,96,96
Prathmik Vidyalay Basadiha Kala Uttar Bhag,Prathamik Vidyalay Basadiha Kala Utari Bhag,96,96
Prathamik Vidyalay Basadiha Kala Dakshini Bhag,Prathamik Vidyalay Basadiha,100,100
Prathmik Vidyalay Dariyapur,Prathamik Vidyalay Dariyapur,98,98
Madhya Vidyalay Bakan,Madhya Vidyalay Bakan,100,100
Utkramit Madhya Vidyalay Pokhrahan Purvi Bhag,Utkramit Madhya Vidyalay Beli,91,91
Utkramit Madhya vidyalay pokhraha pakshchim bhag,Utkramit Madhya Vidyalay Beli,91,91
Utkramit Madhya Vidyalay Fesara,Utkramit Madhya Vidyalay Silar,92,92
Urdu Madhya Vidhalay Simara,Madhya Vidhalay Simarakhurd,93,93
Utkramit Madhya Vidyalay Rakhua,Utkramit Madhya Vidyalay Rakhua,100,100
Utkramit Madhya Vidyalay Bagaiya,Utkramit Madhya Vidyalay Bagaiya,100,100
UCH VIDHYALAY JAGDISHPUR,Uchcha Vidyalay Jagadishapur,88,88
"Samudayik Bhavan Fateha ,Khata Sa0-63 Pashchim Disha","Samudayik Bhavan Fateha ,Khata Sa0-63 Pashchim Disha",100,100
Utkramit Madhya Vidyalay Baghoikala,Utkramit Madhya Vidyalay Beli,91,91
Utkramit Madhya Vidyalay Baghoi Khurd,Utkramit Madhya Vidyalay Bagoi Khurd,99,99
Madhya Vidyalay Dosama,Madhya Vidyalay Dosama,100,100
Utkramit Madhya Vidyalay Mandarapura,Utkramit Madhya Vidyalay Beli,91,91
Madhya Vidyalay Khera Salem,Madhya Vidyalay Dev,88,88
Madhya vidyalaya madarpura,Madhya Vidyalay Chandapur,86,86
Prathamik Vidyalay Mohidinapur,Prathamik Vidyalay Mohidinapur,100,100
Samudayik Bhavan Parasadih,Samudayik Bhavan Parasadih,100,100
Utkramit Madhya Vidyalay Karanja,Utkramit Madhya Vidyalay Karanja,100,100
Utkramit Madhya Vidyalay Mamaka,Utkramit Madhya Vidyalay Mamaka,100,100
Utkramit Madhya Vidyalay Beli,Utkramit Madhya Vidyalay Beli,100,100
Prathamik Vidyalay Manjhar,Prathamik Vidyalay Manzar,94,94
Utkramit Urdu Madhya Vidyalay Dhandhava purvi bhag,Utkramit Urdu Madhya Vidyalay Dhandhava,100,100
Utkramit Madhya Vidyalay Dhandhava Pakshchim Bhag,Utkramit Urdu Madhya Vidyalay Dhandhava,93,93
Prathamik Vidyalay Khaira Sarim,Prathamik Vidyalay Khaira Sarim,100,100
Utkramit Madhya Vidyalay Zhikatiya,Utkramit Madhya Vidyalay Zhikatiya,100,100
Madhya Vidyalay Rajoi purvi bhag,Madhya Vidyalay Rajoi,100,100
madhy vidyalay rajoi pakshchim bhag,Utkramit Madhya Vidyalay Ora Pashchimi Bhag,82,82
Utkramit Madhya Vidyalay Bijoi,Utkramit Madhya Vidyalay Bijoi,100,100
Madhya Vidyalay Nehuti Lepura,Madhya Vidyalay Nehuti,100,100
prathamik vidayalay paharama,Prathamik Vidyalay Devahara,87,87
Madhya Vidyalay Naugad purvi bhag,Madhya Vidyalay Naugad,100,100
madhy vidyalay naugadh pakshchim bhag,Madhya Vidyalay Badava Pashchimi Bhag,78,78
Prathmik Vidyalay Nehuta,Prathamik Vidyalay Nehuta,98,98
Madhya Vidyalay Bisaini,Madhya Vidyalay Bisaini,100,100
Madhya Vidyalay Kapasiya purvi bhag,Madhya Vidyalay Kapasiya,100,100
madhy vidyalay kapasiya pakshchim bhag,Madhya Vidyalay Kataiya Pashchim Bhag,93,93
utkramit madhy vidyalay parsa purvi bhag,Utkramit Madhya Vidyalay Ora Purwi Bhag,91,91
Utkramit Madhya Vidyalay Parasa Pakshchim Bhag,Utkramit Madhya Vidyalay Parasa,100,100
Utkramit Madhya Vidyalay Tetariya,Utkramit Madhya Vidyalay Tetariya,100,100
Utkramit Madhya Vidyalay Kushi Purwi Bhag,Utkramit Madhya Vidyalay Kushi Purwi Bhag,100,100
Utkramit Madhya Vidyalay Kushi Pashchimi Bhag,Utkramit Madhya Vidyalay Kushi Pashchimi Bhag,100,100
utkramit madhy vidyalay kushi madhy bhag,Utkramit Madhya Vidyalay Kushi Purwi Bhag,91,91
Samudayik Bhawan Bela,Samudayik Bhavan Bela,95,95
"Utkramit Madhya Vidyalay, Bela","Utkramit Madhya Vidyalay,Bela",100,100
Utkramit Madhya Vidyalay Jaramakhap,Utkramit Madhya Vidyalay Jaramakhap,100,100
"Utkramit Madhya Vidyalay, Dabura Khurd",tkramit Madhya Vidyalay Dabura Khurd,99,99
Samudayik Bhawan Akauna purvi bhag,Samudayik Bhavan Akauna,82,82
samudayik bhawan akauna pakshchim bhag,Samudayik Bhavan Akauna,82,82
Utkramit Madhy Vidyalay Ibanapur,Utkramit Madhya Vidyalay Ibrahimapur,91,91
Prathamik Vidyalay Tendua Pokhar,Prathamik Vidyalay Tendua Pokhar,100,100
Madhya Vidyalay Poivwan purvi bhag,Madhya Vidyalay Poivwan,100,100
madhy vidyalay poiva pakshchim bhag,Madhya Vidyalay Badava Pashchimi Bhag,81,81
Utkramit Madhya Vidyalay Bajitapur,Utkramit Madhya Vidyalay Bajitapur,100,100
Utkramit Madhya Vidyalay Ora Pashchimi Bhag,Utkramit Madhya Vidyalay Ora Pashchimi Bhag,100,100
Utkramit Madhya Vidyalay Ora Purabi Bhag,Utkramit Madhya Vidyalay Ora Purwi Bhag,96,96
Prathamik Vidyalay Shekhapura,Prathamik Vidyalay Shekhapura,100,100
Samudayik Bhavan Rajpur,Samudayik Bhavan Rajupar,94,94
Madhya Vidhalay Kanabehari,Madhya Vidhalay Kanabehari,100,100
Utkramit Madhy Vidyalay Karahara,Utkramit Madhya Vidyalay Karahara,98,98
Madhya Vidyalay Yari purvi bhag,Madhya Vidyalay Yari,100,100
madhy vidyalay yari pakshchim bhag,Madhya Vidyalay Badava Pashchimi Bhag,82,82
Prathamik Vidyalay Sonavarsha,Prathamik Vidyalay Sonavarsha,100,100
Utkramit Madhya Vidyalay Bharavar,Utkramit Madhya Vidyalay Bharavar,100,100
Utkramit Madhya Vidyalay Khaira mirza,Utkramit Madhya Vidyalay Beli,91,91
Utkramit Madhya Vidyalay Bahuara purvi bhag,Utkramit Madhya Vidyalay Bahuara,100,100
utkramit madhy vidyalay bahuaara pakshchim bhag,Utkramit Madhya Vidyalay Kuramha Pashchimi Bhag,87,87
Utkramit Madhya Vidyalay Kariyava,Utkramit Madhya Vidyalay Kariyava,100,100
Utkramit Madhya Vidyalay Chaukhada,Utkramit Madhya Vidyalay Chaukhada,100,100
Urdu Madhy Vidyalay Hetamapur,Urdu Madhya Vidyalay Hetamapur,98,98
"Utkramit Madhya Vidyalay,Bhediya",Utkramit Madhya Vidyalay Bhediya,100,100
Utkramit Madhya Vidyalay Narasinha,Utkramit Madhya Vidyalay Narasinha,100,100
"Utkramit Madhya Vidyalay,Jasoiya Utar Bhag",Utkramit Madhya Vidyalay Jasoiya Utar Bhag,100,100
"Utkramit Madhya Vidyalay Jasoiya,Dakshini Bhag",Utkramit Madhya Vidyalay Jasoiya Dakshini Bhag,100,100
Saskrit Prathamik Vidyalay Baratapur,Saskrit Prathamik Vidyalay Baratapur,100,100
Utkramit Madhya Vidyalay Navadih Harijan Purvi Bhag,Utkramit Madhya Vidyalay Navadih Harijan,100,100
Utkramit Madhy Vidyalay Navadih Harijan Pakshchim Bhag,Utkramit Madhya Vidyalay Navadih Harijan,90,90
Rajarshividya Mandir Aurangabad Utar Bhag,Rajarshi vidya Mandir Utar Bhag,83,83
Rajarshi vidya Mandir Aurangabad Purabi Bhag Sabhagar,Rajarshi vidya Mandir Purwi Bhag SaBhagar,92,92
Rajarshi Vidya Mandir Aurangabad Dakshin Bhag,Rajarshi Vidya Mandir Dakshin Bhag,100,100
Kanya Madhya Vidyalay P.H.I.D Colony Uttar Bhag,"Kanya Madhya Vidyalay, Dev Madhya Bhag",93,93
Kanya madhya Vidyalay P.H.I.D. Colony Dakshin Bhag,"Kanya Madhya Vidyalay, Dev Madhya Bhag",93,93
Lok Swasthya Pramandala karyalay Aurangabad Uttar Bhag,Lok Swasthya Pramandal Karyalay Purwi Bhag,81,81
Lok Swasthya Pramandal Karyalay Aurangabad Dakshin Bhag,Lok Swasthya Pramandal Karyalay Dakshin Bhag,100,100
Lok Swasthya Pramandal Karyalay Aurangabad Purvi Bhag,Lok Swasthya Pramandal Karyalay Purwi Bhag,92,92
Lok Swasthya Pramandal Karyalay Aurangabad Pakshchim Bhag,Lok Swasthya Pramandal Karyalay Purwi Bhag,92,92
Urdu Prathamik Vidyalay Navadih Utar Bhag,Urdu Prathamik Vidyalay Navadih Utar Bhag,100,100
Urdu Prathamik Vidyalay Navadih Dakshin Bhag,Urdu Prathamik Vidyalay Navadih Dakshin Bhag,100,100
Urdu Prathamik Vidyalay Navadih Madhya Bhag,Urdu Prathamik Vidyalay Navadih Madhya Bhag,100,100
Urdu Madhya Vidyalay Navadih Purwi Bhag,Urdu Prathamik Vidyalay Navadih Madhya Bhag,92,92
Urdu Madhya Vidyalay Navadih Dakshin Bhag,Urdu Prathamik Vidyalay Navadih Dakshin Bhag,91,91
Sinha Shoshal Kalab Aurangabad Uttar Bhag,Sinha Shoshal Kalba Utar Bhag,80,80
Sinha Shoshal Kalba Aurangabad Madhya Bhag,Sinha Shoshal Kalba Madhya Bhag,100,100
Sinha Shoshal Kalab Aurangabad Dakshin Bhag,Sinha Shoshal Kalba Dakshin Bhag,90,90
Anugrah Intar Koleja Aurangabad Purwi Bhag,Anugrah Intar Kolejaaurangabad Purwi Bhag,84,84
Anugrah Intar Koleja Aurangabad Madhya Bhag,Anugrah Intar Kolejaaurangabad Madhya Bhag,85,85
Anugrah Intar Koleja Aurangabad Vigyan Bhavan,Anugrah Intar Kolejaaurangabad Vidnyan Bhavan,82,82
Anugrah Intar Koleja Aurangabad Pahala Kamara Purwi Bhag,Anugrah Intar College purwi Bhag Pahala Kamara,90,90
Anugrah Madhya Vidyalay Aurangabad Purvi Bhag Kamra No -02 Bayan Bhag,Anugrah Madhya Vidyalay Purvi Bhag Kamra No.-2 Dayan Bhag,91,91
Anugrah Madhya VidyalayAurangabad Purvi Bhag Kamara No-2 Dayan Bhag,Anugrah Madhya Vidyalay Purvi Bhag Kamra No.-2 Dayan Bhag,90,90
Anugrah Madhya VidyalayAurangabad Purvi Bhag Kamara No- 3,Anugrah Madhya Vidyalay Purvi Bhag Kamra No.-2 Dayan Bhag,82,82
Anugrah Madhya Vidyalay Aurangabad Pakshchim Kamara No- 4,Anugrah Madhya Vidyalay Aurangabad Pashchim Bhag Kamara Na0 -04,92,92
Anugrah Madhya Vidyalay Aurangabad Pakshchim Bhag Kamara No-5,Anugrah Madhya Vidyalay Aurangabad Pashchim Bhag Kamara Na0 -05,96,96
Saskrit Uchcha Vidyalay Aurangabad,Saskrit Uchcha Vidyalay Aurangabad,100,100
Jila Pashupalan Karyalay Aurangabad Uttar Bhavan,Jila Pashupalan Karyalay Utar Bhavan,93,93
Jila Pashupalan Karyalay Aurangabad Pashchim Bhavan,Jila Pashupalan Karyalay Pashchim Bhavan,100,100
Prathmik Vidyalay Ramabandh Uttar Bhag,Prathamik Vidyalay Ramabandhautar Bhag,95,95
Prathamik Vidyalay Ramabandh Dakshin Bhag,Prathamik Vidyalay Ramabandh Dakshin Bhag,100,100
Madarasa Islamiya Uttar Bhag,Madarasa Islamiya Utar Bhag,98,98
Madarasa Islamiya Aurangabad Madhya Bhag,Madarasa Islamiya Utar Bhag,90,90
Madarsha Islamiya Aurangabad Dakshin Bhag,Madarasa Islamiya Dakshin Bhag,82,82
Jila Parishad Karyalay Aurangabad Purwi Bhag,Jila Parishad Karyalay Purwi Bhag,100,100
Jila Parishad Karyalay Aurangabad Pashchim Bhag,Jila Parishad Karyalay Pashchim Bhag,100,100
Jila Parishad Karyalay Aurangabad Madhya Bhag,Jila Parishad Karyalay Madhya Bhag,100,100
Kanya Madhya Vidyalay Dharanidhar Rod Purwi Bhag,Kanya Madhya Vidyalay Dharanidhar Rod Purwi Bhag,100,100
kanya madhy vidyalay dharanidhar road madhy bhag,Kanya Madhya Vidyalay Dharanidhar Rod Purwi Bhag,91,91
Kanya Madhya Vidyalay Dharanidhar Rod Pashchim Bhag,Kanya Madhya Vidyalay Dharanidhar Rod Pashchim Bhag,100,100
Bapu Prathamik Vidyalay Bas Padav Aurangabad Purwi Bhag,Bapu Prathamik Vidyalay Bas Padav Purwi Bhag,100,100
Bapu Prathamik Vidyalay Bas Padav Aurangabad Pashchim Bhag,Bapu Prathamik Vidyalay Bas Padav Pashchim Bhag,100,100
Prathamik Vidyalay Gangati,Prathamik Vidyalay Gangati,100,100
Sachchidananda Sinha Kolej Aurangabad Purwi Bhag,Sachchidananda Sinha Kolej Purwi Bhag,100,100
Sachchidananda Sinha Kolej Aurangabad Pashchim Bhag,Sachchidananda Sinha Kolej Pashchim Bhag,100,100
ANUGRAH KANYA UCHCH VIDYALAY AURANGABAD(PURVI BHAG,Anugrah Kanya Uchcha Vidyalay Purwi Madhya Bhag,85,85
Anugrah Kanya Uchcha Vidyalay Aurangabad Pashchim Bhag,Anugrah Kanya Uchcha Vidyalay Pashchim Bhag,100,100
Anugrah Kanya Uchcha Vidyalay Aurangabad Purwi Bhag,Anugrah Kanya Uchcha Vidyalay Purwi Bhag,100,100
Anugrah Kanya Uchcha Vidyalay Aurangabad Purwi Madhya Bhag,Anugrah Kanya Uchcha Vidyalay Purwi Bhag,100,100
Anugrah Kanya Uchcha Vidyalay Aurangabad Madhya Bhag,Anugrah Kanya Uchcha Vidyalay Madhya Bhag,100,100
prathamik vidyalay mini bigaha purvi bhag,Prathamik Vidyalay Mini Bigaha,100,100
Prathamik Vidyalay Mini Bigaha pakshchim bhag,Prathamik Vidyalay Mini Bigaha,100,100
Urdu Prathamik Vidyalay Islam Toli Purwi Bhag,Urdu Prathamik Vidyalay Islam Toli Purwi Bhag,100,100
Urdu Prathamik Vidyalay Islam Toli Pashchim Bhag,Urdu Prathamik Vidyalay Islam Toli Pashchim Bhag,100,100
Samudayik Bhavan Pathan Toli Purwi Bhag,Samudayik Bhavan Pathan Toli Purwi Bhag,100,100
Samudayik Bhavan Pathan Toli Pashchim Bhag,Samudayik Bhavan Pathan Toli Pashchim Bhag,100,100
samudayik bhawan pathan toli madhy bhag,Samudayik Bhavan Pathan Toli Purwi Bhag,85,85
Urdu Prathamik Vidyalay Kasav Mahalla Utar Bhag,Urdu Prathamik Vidyalay Kasav Mahalla Utar Bhag,100,100
Urdu Prathamik Vidyalay Kasav Mahalla Dakshin Bhag,Urdu Prathamik Vidyalay Kasav Mahalla Dakshin Bhag,100,100
Taun Intar Kolej Aurangabad Purwi Bhag,Taun Intar Kolej Purwi Bhag,100,100
Taun Intar Kolej Aurangabad Madhy Bhag,Taun Intar Kolej Purwi Bhag,88,88
Taun Intar Kolej Aurangabad Purwi Madhya Bhag,Taun Intar Kolej Purwi Bhag,100,100
Taun Intar Kolej Aurangabad Pashchim Bhag,Taun Intar Kolej Pashchim Bhag,100,100
Lok Swasthya Abhiyantran Vibhag Ka Kavartar Aurangabad Purwi Bhag,Lok Swasthya Abhiyantran Vibhag Kavartar Purwi Bhag,100,100
Lok Swasthya Abhiyantran Vibhag Ka Kavartar Aurangabad Pashchim Bhag,Lok Swasthya Abhiyantran Vibhag Kavartar Pashchim Bhag,100,100
Urdu Prathamik Vidyalay Nu Kaji Mahalla Utar Bhag,Urdu Prathamik Vidyalay Nu Kaji Mahalla Utar Bhag,100,100
Urdu Prathamik Vidyalay Nu Kaji Mahalla Dakshin Bhag,Urdu Prathamik Vidyalay Nu Kaji Mahalla Dakshin Bhag,100,100
Bindul Ara Mashin Shahapur Nala Ke Pas Chalanta Matadan Kendra Aurangabad Purwi Bhag,Bindul Ara Mashin Shahapur Nala Ke Pas Chalanta Matadan Kendra Purwi Bhag,100,100
Bindul Ara Mashin Shahapur Nala Ke Pas Chalanta Matadan Kendra Aurangabad Madhy Bhag,Bindul Ara Mashin Shahapur Nala Ke Pas Chalanta Matadan Kendra Purwi Bhag,96,96
Bindul Ara Mashin Shahapur Nala Ke Pas Chalanta Matadan Kendra Aurangabad Pashchim Bhag,Bindul Ara Mashin Shahapur Nala Ke Pas Chalanta Matadan Kendra Pashchim Bhag,100,100
Tichar Traaining School Aurangabad RumaNo-1,Tichar Traaining School Ruman0-1,88,88
Tichar Traaining School Aurangabad RumaNo-2,Tichar Traaining School Ruman0-2,88,88
Tichar Traaining School Aurangabad RumaNo-3,Tichar Traaining School Ruman0-1,84,84
Tichar Traaining School Aurangabad RumaNo-4,Tichar Traaining School Ruman0-4,88,88
Tichar Traaining School Aurangabad RumaNo-5,Tichar Traaining School Ruman0-1,84,84
Prathamik Vidyalay Mallah Toli purvi bhag,Prathamik Vidyalay Mallah Toli,100,100
prathamik vidyalay mallah toli pakshchim bhag,Prathamik Vidyalay Mallah Toli,100,100
Ramalakhan Sinh Yadav Kolej Aurangabad Purwi Bhag,Ramalakhan Sinh Yadav Kolej Purwi Bhag,100,100
Ramalakhan Sinh Yadav Kolej Aurangabad Pashchim Bhag,Ramalakhan Sinh Yadav Kolej Pashchim Bhag,100,100
Ramalakhan Sinh Yadav Kolej Karyalay Aurangabad,Ramalakhan Sinh Yadav Kolej Karyalay,100,100
Utkramit Madhya Vidyalay Silar,Utkramit Madhya Vidyalay Silar,100,100
Prathamik Vidyalay Dhamarpur,Prathamik Vidyalay Dhamarpur,100,100
Uchcha Vidyalay Pavai Utari Bhag,Uchcha Vidyalay Pavai Utari Bhag,100,100
uchch vidyalay pawai madhy bhag,Uchcha Vidyalay Pavai Dakshin Bhag,83,83
Uchcha Vidyalay Pavai Dakshin Bhag,Uchcha Vidyalay Pavai Dakshin Bhag,100,100
Madhya Vidyalay Bhairopur,Madhya Vidyalay Dev,88,88
Prathamik Vidyalay Titai Bigaha,Prathamik Vidyalay Titai Bigaha,100,100
Utkramit Madhya Vidyalay Bharkur,Utkramit Madhya Vidyalay Bhatakur,95,95
Prathamik Vidyalay Vishramapur,Prathamik Vidyalay Vishramapur,100,100
Utkramit Madhya Vidyalay Hajarikarma,Utkramit Madhya Vidyalay Hajarikarma,100,100
Samudayik Bhavan Chandauli,Samudayik Bhavan Chandauli,100,100
Prathamik Vidyalay Balakarama Pakshchimi bhag,Prathamik Vidyalay Suhi,88,88
Prathamik Vidyalay Balakarama Purvi Bhag,Prathamik Vidyalay Kuramha Purwi Bhag,88,88
Utkramit Madhya Vidyalay Chatara,Utkramit Madhya Vidyalay Chatara,100,100
Prathamik Vidyalay Bhaluhara,Prathamik Vidyalay Bhaluhara,100,100
Prathmik Vidyalay Bijauli,Prathamik Vidyalay Bijauli,98,98
Prathamik Vidhalay Pipara,Prathamik Vidhalay Pipara,100,100
Madhya Vidyalay Dhanadi,Madhya Vidyalay Babhanadi,92,92
Madhya Vidyalay Pandey Bigaha,Madhya Vidyalay Dev,88,88
Madhya Vidyalay Hasauli,Madhya Vidyalay Dev,88,88
Utkramit Madhya Vidyalay Rawal Bigha uttari Bhag,Utkramit Madhya Vidyalay Beli,91,91
Utkramit Madhya Vidyalay Rawal Bigha Dakshini Bhag,Utkramit Madhya Vidyalay Beli,91,91
Madhya Vidyalay KUNDA,Madhya Vidyalay Kunda,100,100
Prathamik Vidyalay HariharBigha,Prathamik Vidyalay Suhi,88,88
Utkramit Madhya Vidyalay Khakhada,Utkramit Madhya Vidyalay Khakhada,100,100
Prathamik Vidhalay Nepava,Prathamik Vidhalay Nepava,100,100
Utkramit Madhya Vidyalay Karama,Utkramit Madhya Vidyalay Karma,98,98
Prathamik Vidyalay Basadiha,Prathamik Vidyalay Basadiha,100,100
Madhya Vidyalay Dadhapa,Utkramit Madhya Vidyalay Dadhapa,100,100
Prathamik Vidhalay ParasanVigha,Prathamik Vidhalay Pokharaha,85,85
Prathamik Vidyalay Guragaiya,Prathamik Vidyalay Guragaiya,100,100
Madhya Vidyalay Khadiha,Madhya Vidyalay Kharadiha,96,96
Madhya Vidyalay Bahuara Pakshchim Bhag,Madhya Vidyalay Badava Pashchimi Bhag,91,91
Madhya Vidyalay Bahuara Purvi Bhag,Madhya Vidyalay Badava Purwi Bhag,90,90
Madhya Vidyalay Narachi,Utkramit Madhya Vidyalay Narachi,100,100
madhy vidyalay chainpur,Madhya Vidyalay Chandapur,92,92
Prathamik Vidyalay Devadhari,Prathamik Vidyalay Devadhari,100,100
Madhya Vidyalay Uparadaha,Madhya Vidyalay Kharadiha,88,88
Madhya Vidyalay Belasara Utari Bhag,Madhya Vidyalay Belasara Utari Bhag,100,100
Madhya Vidyalay Belasara (Dakshini Bhag),Madhya Vidyalay Belasara Dakshini Bhag,100,100
prathamik vidyalay bhawanipur utari bhag,Prathamik Vidyalay Suhi,88,88
Prathamik Vidyalay Bhavanipur dakshini bhag,Prathamik Vidyalay Bhavanipur,100,100
Madhya vidyalay damaul,Madhya Vidyalay Dosama,91,91
urdu madhy vidyalay balapokhar purvi bhag,Urdu Madhya Vidyalay Balapokhar,87,87
Urdu Madhya Vidyalay Balapokhar pakshchim bhag,Urdu Madhya Vidyalay Balapokhar,100,100
madhy vidyalay bela,Madhya Vidyalay Bedhani,86,86
Kanya Madhya Vidyalay Dev purvi bhag,"Kanya Madhya Vidyalay, Dev Madhya Bhag",100,100
Kanya Madhya Vidyalay Dev Madhy Bhag,"Kanya Madhya Vidyalay, Dev Madhya Bhag",100,100
"Kanya Madhya Vidyalay, dev (Bayan Bhag)","Kanya Madhya Vidyalay, Dev Madhya Bhag",100,100
kanya madhy vidyalay dev utari bhag,Kanya Madhya Vidyalay Dev Purwi Bhag,93,93
uchcha vidyalay dev dakshin bhag,Uchcha Vidyalay Dev,100,100
Uchcha Vidyalay Dev utari bhag,Uchcha Vidyalay Dev,100,100
madhy vidyalay dev utari bhag,Madhya Vidyalay Badava Purwi Bhag,84,84
madhy vidyalay dev dakshin bhag,"Kanya Madhya Vidyalay, Dev Madhya Bhag",85,85
panchayat bhawan dev purvi bhag,Panchayat Bhavan Dev,79,79
Panchayat Bhavan Dev Pakshchim bhag,Panchayat Bhavan Dev,100,100
Madhya Vidyalay Kataiya Pashchim Bhag,Madhya Vidyalay Kataiya Pashchim Bhag,100,100
Madhya Vidyalay Kataiya Purwi Bhag,Madhya Vidyalay Kataiya Purwi Bhag,100,100
Prathamik Vidyalay Kosiyari purvi bhag,Prathamik Vidyalay Kosiyari,100,100
Prathamik vidyalay kosiyari pakshchim bhag,Prathamik Vidyalay Kosiyari,100,100
Madhy vidyalay israur,Madhya Vidyalay Bisaini,82,82
Prathamik Vidyalay Chatati Bajar,Prathamik Vidyalay Chatati Bajar,100,100
Besik Skul Vishunapur,Besik Skul Vishunapur,100,100
Madhya Vidyalay Vishunapur,Madhya Vidyalay Vishunapur,100,100
Madhy vidyalay kesaur,Madhya Vidyalay Ketaki,84,84
Prathamik Vidyalay Suhi pakshchim bhag,Prathamik Vidyalay Suhi,100,100
Prathamik vidyalay suhi utari bhag,Prathamik Vidyalay Suhi,100,100
Madhy vidyalay sargawan,Madhya Vidyalay Naugad,80,80
Madhya Vidyalay Malahara,Madhya Vidyalay Malahara,100,100
Urdu Prathamik Vidyalay Kanatari,Urdu Prathamik Vidyalay Kanatari,100,100
Madhy vidyalay dhananv,Madhya Vidyalay Bedhani,84,84
Madhya Vidyalay Chandapur purvi bhag,Madhya Vidyalay Chandapur,100,100
Madhy vidyalay chandpur pakshchim bhag,Madhya Vidyalay Badava Pashchimi Bhag,83,83
Besik school eraki purvi bhag,Besik Skul Eraki,81,81
Besik Skul Eraki pakshchim bhag,Besik Skul Eraki,100,100
Prathamik Vidyalay Ajaniya,Prathamik Vidyalay Ajaniya,100,100
Prathamik Vidyalay Khardiha,Prathamik Vidyalay Khadiha,98,98
Panchayat Bhavan Bedhani,Panchayat Bhavan Bedhani,100,100
Madhya Vidyalay Bedhani Utar Bhag,Madhya Vidyalay Bedhani,100,100
Madhy vidyalay bedhani dakshin bhag,Madhya Vidyalay Belasara Dakshini Bhag,85,85
Madhya Vidyalay Yadupur,Madhya Vidyalay Yadupur,100,100
Prathamik Vidyalay Fulavariya,Prathamik Vidyalay Fulavariya,100,100
Madhy vidyalay khemchand bigaha,Madhya Vidyalay Bakan,77,77
Madhy vidyalay khemchand bigaha dakshini bhag,Utkramit Madhya Vidyalay Khemachand Bigaha Dakshini Bhag,89,89
Madhya Vidyalay Ketaki 2 Purvi Bhag,Madhya Vidyalay Ketaki,100,100
Madhy vidyalay ketaki 2 dakshini bhag,Madhya Vidyalay Belasara Dakshini Bhag,83,83
Madhy vidyalay ketaki 1 utar bhag,Madhya Vidyalay Kataiya Purwi Bhag,81,81
Madhya Vidyalay Ketaki 1 Pashchim Bhag,Madhya Vidyalay Ketaki,100,100
Madhy vidyalay eraura,Utkramit Madhya Vidyalay Eraura,83,83
Prathamik Vidyalay Barai Bigaha purvi bhag,Prathamik Vidyalay Barai Bigaha,100,100
Prathamik vidyalay barai bigaha pakshchim bhag,Prathamik Vidyalay Barai Bigaha,100,100
Madhy vidyalay kanchanpur purvi bhag,Kanya Madhya Vidyalay Dev Purwi Bhag,81,81
Madhy vidyalay kanchanpur pakshchim bhag,Kanya Madhya Vidyalay Dev Pashchim Bhag,84,84
Madhy vidyalay satvat,Madhya Vidyalay Naugad,79,79
Prathamik Vidyalay Ajab Bigaha purvi bhag,Prathamik Vidyalay Ajab Bigaha,100,100
Prathamik vidyalay ajab bigaha pakshchim bhag,Prathamik Vidyalay Ajab Bigaha,100,100
Madhy vidyalay dumri purvi bhag,Madhya Vidyalay Badava Purwi Bhag,81,81
Madhya vidhalya dumari pakshicham bhag,Madhya Vighalay Jamhor Pashchimi Bhag,77,77
Madhya Vidyalay Narayanapur,Utkramit Madhya Vidyalay Narayanapur,100,100
PRATHAMIK VIDYALAY BHATAKUR UTARI BHAG,Prathamik Vidyalay Bhatakur,100,100
PRATHAMIK VIDHALAY BHATKUR DAKSHINI BHAG,Prathamik Vidhalay Fesara,84,84
Madhya Vidyalay Parariya,Madhya Vidyalay Kapasiya,88,88
Madhya Vidyalay Dosmha PURVI BHAG,Anugrah Madhya Vidyalay Purvi Bhag Kamra No.-2 Dayan Bhag,88,88
Madhya vidhyalay DOSMA paschimi bhag,Madhya Vidyalay Badava Pashchimi Bhag,88,88
